FirstName,LastName,CITY,ID
Fname: 34,Lname: 1476,City: 791,ID: 1180
Fname: 639,Lname: 444,City: 410,ID: 658
Fname: 402,Lname: 27,City: 230,ID: 1304
Fname: 1356,Lname: 411,City: 441,ID: 864
Fname: 1343,Lname: 746,City: 1179,ID: 368
Fname: 114,Lname: 1248,City: 1303,ID: 144
Fname: 1274,Lname: 1166,City: 121,ID: 823
Fname: 889,Lname: 657,City: 816,ID: 210
Fname: 1056,Lname: 161,City: 663,ID: 1231
Fname: 277,Lname: 257,City: 1275,ID: 904
Fname: 248,Lname: 1371,City: 596,ID: 939
Fname: 1399,Lname: 673,City: 1387,ID: 1094
Fname: 356,Lname: 864,City: 1101,ID: 737
Fname: 723,Lname: 1081,City: 1101,ID: 58
Fname: 1290,Lname: 221,City: 123,ID: 560
Fname: 657,Lname: 422,City: 875,ID: 277
Fname: 839,Lname: 974,City: 1499,ID: 161
Fname: 637,Lname: 1234,City: 831,ID: 701
Fname: 761,Lname: 724,City: 147,ID: 824
Fname: 1166,Lname: 663,City: 932,ID: 236
Fname: 603,Lname: 205,City: 64,ID: 183
Fname: 382,Lname: 334,City: 1293,ID: 682
Fname: 857,Lname: 62,City: 661,ID: 1235
Fname: 1093,Lname: 383,City: 1077,ID: 870
Fname: 1286,Lname: 516,City: 370,ID: 236
Fname: 1254,Lname: 204,City: 470,ID: 423
Fname: 868,Lname: 138,City: 934,ID: 250
Fname: 226,Lname: 391,City: 762,ID: 1180
Fname: 403,Lname: 162,City: 9,ID: 558
Fname: 955,Lname: 140,City: 194,ID: 468
Fname: 746,Lname: 570,City: 724,ID: 1040
Fname: 1397,Lname: 1062,City: 1148,ID: 699
Fname: 471,Lname: 108,City: 86,ID: 127
Fname: 1098,Lname: 359,City: 750,ID: 655
Fname: 518,Lname: 590,City: 1403,ID: 993
Fname: 166,Lname: 156,City: 446,ID: 466
Fname: 1359,Lname: 439,City: 358,ID: 373
Fname: 1100,Lname: 93,City: 1076,ID: 106
Fname: 1425,Lname: 5,City: 885,ID: 247
Fname: 1001,Lname: 837,City: 755,ID: 349
Fname: 1393,Lname: 1499,City: 1162,ID: 765
Fname: 1036,Lname: 1258,City: 1280,ID: 924
Fname: 1260,Lname: 196,City: 817,ID: 166
Fname: 1301,Lname: 425,City: 945,ID: 1125
Fname: 528,Lname: 963,City: 904,ID: 344
Fname: 730,Lname: 597,City: 311,ID: 234
Fname: 189,Lname: 177,City: 1369,ID: 566
Fname: 1056,Lname: 877,City: 530,ID: 277
Fname: 544,Lname: 789,City: 305,ID: 474
Fname: 142,Lname: 845,City: 1383,ID: 563
Fname: 524,Lname: 61,City: 1297,ID: 1129
Fname: 1199,Lname: 91,City: 620,ID: 522
Fname: 1344,Lname: 316,City: 1185,ID: 1168
Fname: 984,Lname: 1419,City: 193,ID: 429
Fname: 182,Lname: 691,City: 791,ID: 76
Fname: 218,Lname: 643,City: 1318,ID: 732
Fname: 377,Lname: 1095,City: 780,ID: 228
Fname: 854,Lname: 390,City: 832,ID: 980
Fname: 866,Lname: 1029,City: 1358,ID: 707
Fname: 617,Lname: 1005,City: 934,ID: 1411
Fname: 200,Lname: 22,City: 985,ID: 1444
Fname: 615,Lname: 41,City: 186,ID: 1171
Fname: 944,Lname: 835,City: 669,ID: 1452
Fname: 267,Lname: 828,City: 828,ID: 0
Fname: 718,Lname: 1010,City: 240,ID: 486
Fname: 660,Lname: 506,City: 124,ID: 636
Fname: 1325,Lname: 44,City: 429,ID: 1131
Fname: 1303,Lname: 404,City: 217,ID: 537
Fname: 128,Lname: 1197,City: 229,ID: 562
Fname: 961,Lname: 1171,City: 953,ID: 1214
Fname: 1472,Lname: 1050,City: 332,ID: 525
Fname: 115,Lname: 52,City: 252,ID: 67
Fname: 360,Lname: 846,City: 1281,ID: 1342
Fname: 428,Lname: 368,City: 450,ID: 477
Fname: 799,Lname: 1100,City: 767,ID: 270
Fname: 1181,Lname: 254,City: 620,ID: 859
Fname: 1175,Lname: 471,City: 180,ID: 435
Fname: 182,Lname: 1309,City: 158,ID: 1220
Fname: 203,Lname: 267,City: 795,ID: 829
Fname: 1327,Lname: 1318,City: 895,ID: 1027
Fname: 56,Lname: 791,City: 1060,ID: 1090
Fname: 617,Lname: 263,City: 452,ID: 337
Fname: 1363,Lname: 1228,City: 240,ID: 1094
Fname: 868,Lname: 581,City: 432,ID: 1000
Fname: 973,Lname: 766,City: 653,ID: 982
Fname: 820,Lname: 979,City: 144,ID: 413
Fname: 1211,Lname: 709,City: 581,ID: 1056
Fname: 1102,Lname: 1286,City: 263,ID: 490
Fname: 601,Lname: 1444,City: 1494,ID: 909
Fname: 1401,Lname: 1032,City: 1342,ID: 270
Fname: 836,Lname: 1163,City: 704,ID: 337
Fname: 82,Lname: 923,City: 237,ID: 1241
Fname: 654,Lname: 1285,City: 1267,ID: 1437
Fname: 261,Lname: 95,City: 1057,ID: 195
Fname: 17,Lname: 351,City: 998,ID: 775
Fname: 441,Lname: 1325,City: 468,ID: 1281
Fname: 879,Lname: 1310,City: 822,ID: 651
Fname: 750,Lname: 616,City: 1482,ID: 786
Fname: 197,Lname: 582,City: 1378,ID: 66
Fname: 1483,Lname: 1154,City: 124,ID: 415
Fname: 1284,Lname: 380,City: 78,ID: 1105
Fname: 389,Lname: 1065,City: 409,ID: 977
Fname: 46,Lname: 479,City: 165,ID: 799
Fname: 385,Lname: 268,City: 825,ID: 388
Fname: 247,Lname: 922,City: 1328,ID: 1278
Fname: 228,Lname: 922,City: 1252,ID: 1220
Fname: 390,Lname: 93,City: 989,ID: 1017
Fname: 292,Lname: 917,City: 734,ID: 336
Fname: 1087,Lname: 387,City: 672,ID: 70
Fname: 1167,Lname: 382,City: 1084,ID: 562
Fname: 1019,Lname: 445,City: 472,ID: 1087
Fname: 344,Lname: 566,City: 150,ID: 884
Fname: 451,Lname: 827,City: 309,ID: 1482
Fname: 670,Lname: 174,City: 1392,ID: 391
Fname: 732,Lname: 349,City: 659,ID: 549
Fname: 558,Lname: 824,City: 626,ID: 353
Fname: 469,Lname: 323,City: 376,ID: 970
Fname: 342,Lname: 1118,City: 505,ID: 732
Fname: 981,Lname: 86,City: 533,ID: 710
Fname: 1352,Lname: 548,City: 98,ID: 1068
Fname: 1463,Lname: 856,City: 1345,ID: 224
Fname: 1178,Lname: 386,City: 943,ID: 1396
Fname: 489,Lname: 1035,City: 1333,ID: 126
Fname: 841,Lname: 693,City: 1404,ID: 1263
Fname: 230,Lname: 1461,City: 538,ID: 581
Fname: 91,Lname: 1045,City: 1370,ID: 1193
Fname: 89,Lname: 572,City: 1171,ID: 71
Fname: 1253,Lname: 1325,City: 1248,ID: 988
Fname: 997,Lname: 1210,City: 3,ID: 882
Fname: 686,Lname: 159,City: 1345,ID: 176
Fname: 1328,Lname: 848,City: 542,ID: 438
Fname: 1368,Lname: 527,City: 1466,ID: 79
Fname: 482,Lname: 114,City: 1484,ID: 846
Fname: 553,Lname: 870,City: 417,ID: 1498
Fname: 978,Lname: 948,City: 1495,ID: 972
Fname: 1301,Lname: 1219,City: 728,ID: 1316
Fname: 75,Lname: 1305,City: 1029,ID: 645
Fname: 1322,Lname: 14,City: 860,ID: 903
Fname: 754,Lname: 1460,City: 1488,ID: 300
Fname: 1031,Lname: 647,City: 332,ID: 141
Fname: 380,Lname: 80,City: 1308,ID: 557
Fname: 306,Lname: 1301,City: 359,ID: 801
Fname: 60,Lname: 707,City: 1184,ID: 1453
Fname: 867,Lname: 250,City: 1136,ID: 1110
Fname: 759,Lname: 1232,City: 1070,ID: 1106
Fname: 912,Lname: 626,City: 1018,ID: 684
Fname: 1405,Lname: 1376,City: 1034,ID: 12
Fname: 162,Lname: 1492,City: 1361,ID: 70
Fname: 21,Lname: 189,City: 58,ID: 168
Fname: 716,Lname: 1018,City: 355,ID: 816
Fname: 982,Lname: 1346,City: 148,ID: 29
Fname: 1238,Lname: 626,City: 790,ID: 1484
Fname: 547,Lname: 819,City: 47,ID: 12
Fname: 1026,Lname: 9,City: 331,ID: 57
Fname: 1353,Lname: 473,City: 921,ID: 774
Fname: 1413,Lname: 1497,City: 279,ID: 1371
Fname: 530,Lname: 103,City: 513,ID: 1094
Fname: 1348,Lname: 108,City: 271,ID: 1400
Fname: 297,Lname: 22,City: 728,ID: 782
Fname: 4,Lname: 1156,City: 213,ID: 538
Fname: 1382,Lname: 803,City: 1269,ID: 963
Fname: 276,Lname: 1109,City: 880,ID: 1076
Fname: 1328,Lname: 167,City: 985,ID: 1293
Fname: 1062,Lname: 737,City: 712,ID: 439
Fname: 382,Lname: 1208,City: 333,ID: 58
Fname: 420,Lname: 850,City: 628,ID: 1164
Fname: 1412,Lname: 965,City: 3,ID: 907
Fname: 934,Lname: 1036,City: 860,ID: 1017
Fname: 870,Lname: 630,City: 365,ID: 954
Fname: 1488,Lname: 900,City: 453,ID: 1459
Fname: 627,Lname: 1466,City: 1455,ID: 242
Fname: 1354,Lname: 844,City: 224,ID: 1422
Fname: 904,Lname: 644,City: 495,ID: 1014
Fname: 665,Lname: 457,City: 410,ID: 1015
Fname: 374,Lname: 184,City: 649,ID: 1194
Fname: 773,Lname: 909,City: 279,ID: 413
Fname: 1328,Lname: 527,City: 893,ID: 1148
Fname: 840,Lname: 973,City: 120,ID: 543
Fname: 836,Lname: 1314,City: 612,ID: 1077
Fname: 96,Lname: 521,City: 1422,ID: 1312
Fname: 335,Lname: 1016,City: 613,ID: 1167
Fname: 1017,Lname: 192,City: 1071,ID: 647
Fname: 982,Lname: 218,City: 1479,ID: 908
Fname: 1222,Lname: 842,City: 586,ID: 553
Fname: 1282,Lname: 537,City: 1018,ID: 939
Fname: 949,Lname: 286,City: 826,ID: 1306
Fname: 702,Lname: 277,City: 153,ID: 1274
Fname: 541,Lname: 779,City: 316,ID: 770
Fname: 962,Lname: 1259,City: 1216,ID: 193
Fname: 1055,Lname: 322,City: 815,ID: 19
Fname: 644,Lname: 161,City: 355,ID: 363
Fname: 895,Lname: 646,City: 1479,ID: 214
Fname: 77,Lname: 476,City: 1420,ID: 1432
Fname: 243,Lname: 675,City: 523,ID: 575
Fname: 267,Lname: 943,City: 1237,ID: 629
Fname: 502,Lname: 1182,City: 784,ID: 552
Fname: 332,Lname: 1130,City: 947,ID: 622
Fname: 598,Lname: 1370,City: 1042,ID: 1403
Fname: 1021,Lname: 489,City: 769,ID: 330
Fname: 907,Lname: 1306,City: 715,ID: 1345
Fname: 988,Lname: 958,City: 1317,ID: 1049
Fname: 152,Lname: 428,City: 816,ID: 882
Fname: 756,Lname: 695,City: 1353,ID: 1407
Fname: 796,Lname: 1037,City: 150,ID: 1500
Fname: 256,Lname: 61,City: 678,ID: 137
Fname: 378,Lname: 478,City: 1114,ID: 1481
Fname: 2,Lname: 123,City: 1110,ID: 1378
Fname: 83,Lname: 1364,City: 1091,ID: 539
Fname: 150,Lname: 923,City: 487,ID: 722
Fname: 747,Lname: 204,City: 1347,ID: 548
Fname: 133,Lname: 554,City: 1391,ID: 753
Fname: 1348,Lname: 435,City: 263,ID: 879
Fname: 187,Lname: 197,City: 1344,ID: 268
Fname: 153,Lname: 828,City: 85,ID: 1181
Fname: 851,Lname: 1399,City: 752,ID: 24
Fname: 1036,Lname: 325,City: 730,ID: 1394
Fname: 902,Lname: 130,City: 785,ID: 211
Fname: 226,Lname: 152,City: 521,ID: 634
Fname: 96,Lname: 1468,City: 1427,ID: 332
Fname: 159,Lname: 82,City: 255,ID: 425
Fname: 1421,Lname: 1116,City: 1382,ID: 639
Fname: 1414,Lname: 1448,City: 849,ID: 676
Fname: 842,Lname: 590,City: 230,ID: 924
Fname: 1294,Lname: 63,City: 101,ID: 492
Fname: 825,Lname: 204,City: 415,ID: 151
Fname: 207,Lname: 1459,City: 1217,ID: 1298
Fname: 146,Lname: 710,City: 213,ID: 875
Fname: 1062,Lname: 20,City: 1191,ID: 941
Fname: 751,Lname: 889,City: 679,ID: 19
Fname: 351,Lname: 352,City: 735,ID: 1048
Fname: 896,Lname: 34,City: 946,ID: 451
Fname: 899,Lname: 1342,City: 911,ID: 413
Fname: 319,Lname: 745,City: 1064,ID: 938
Fname: 222,Lname: 1055,City: 394,ID: 1281
Fname: 1365,Lname: 1395,City: 120,ID: 216
Fname: 471,Lname: 754,City: 919,ID: 655
Fname: 282,Lname: 1413,City: 83,ID: 404
Fname: 429,Lname: 1322,City: 643,ID: 291
Fname: 977,Lname: 158,City: 159,ID: 759
Fname: 1032,Lname: 760,City: 492,ID: 1060
Fname: 994,Lname: 591,City: 1432,ID: 553
Fname: 1355,Lname: 123,City: 901,ID: 1289
Fname: 1449,Lname: 17,City: 28,ID: 844
Fname: 1149,Lname: 542,City: 112,ID: 1364
Fname: 832,Lname: 1078,City: 512,ID: 1323
Fname: 949,Lname: 423,City: 661,ID: 1295
Fname: 732,Lname: 148,City: 265,ID: 963
Fname: 941,Lname: 109,City: 722,ID: 869
Fname: 770,Lname: 24,City: 751,ID: 1395
Fname: 613,Lname: 1266,City: 268,ID: 602
Fname: 559,Lname: 232,City: 1457,ID: 1292
Fname: 748,Lname: 101,City: 721,ID: 791
Fname: 473,Lname: 217,City: 348,ID: 228
Fname: 438,Lname: 931,City: 1429,ID: 1363
Fname: 803,Lname: 140,City: 1107,ID: 216
Fname: 1236,Lname: 14,City: 887,ID: 865
Fname: 158,Lname: 214,City: 1040,ID: 97
Fname: 278,Lname: 58,City: 666,ID: 429
Fname: 77,Lname: 1486,City: 1039,ID: 458
Fname: 1049,Lname: 867,City: 333,ID: 928
Fname: 7,Lname: 598,City: 1161,ID: 1127
Fname: 1019,Lname: 342,City: 536,ID: 294
Fname: 1294,Lname: 727,City: 1062,ID: 70
Fname: 187,Lname: 1224,City: 574,ID: 1064
Fname: 1198,Lname: 271,City: 598,ID: 437
Fname: 1245,Lname: 511,City: 869,ID: 1306
Fname: 1109,Lname: 1140,City: 576,ID: 1327
Fname: 647,Lname: 1387,City: 778,ID: 109
Fname: 79,Lname: 203,City: 988,ID: 46
Fname: 996,Lname: 1123,City: 660,ID: 1366
Fname: 1465,Lname: 768,City: 1100,ID: 127
Fname: 298,Lname: 415,City: 1318,ID: 859
Fname: 770,Lname: 1494,City: 389,ID: 1377
Fname: 1078,Lname: 133,City: 92,ID: 1013
Fname: 1222,Lname: 238,City: 47,ID: 455
Fname: 703,Lname: 1489,City: 68,ID: 1382
Fname: 1454,Lname: 1049,City: 114,ID: 1220
Fname: 1448,Lname: 68,City: 848,ID: 581
Fname: 115,Lname: 949,City: 634,ID: 1006
Fname: 1484,Lname: 1039,City: 101,ID: 4
Fname: 1447,Lname: 1330,City: 878,ID: 1464
Fname: 1211,Lname: 1356,City: 883,ID: 275
Fname: 738,Lname: 668,City: 1316,ID: 506
Fname: 712,Lname: 377,City: 1482,ID: 492
Fname: 99,Lname: 1144,City: 904,ID: 282
Fname: 33,Lname: 594,City: 1303,ID: 7
Fname: 727,Lname: 1232,City: 1346,ID: 355
Fname: 269,Lname: 1338,City: 985,ID: 321
Fname: 155,Lname: 926,City: 925,ID: 333
Fname: 422,Lname: 813,City: 496,ID: 283
Fname: 1297,Lname: 1380,City: 1499,ID: 311
Fname: 1153,Lname: 967,City: 392,ID: 749
Fname: 5,Lname: 455,City: 696,ID: 1355
Fname: 525,Lname: 941,City: 465,ID: 792
Fname: 626,Lname: 1142,City: 29,ID: 897
Fname: 414,Lname: 414,City: 703,ID: 152
Fname: 241,Lname: 766,City: 1267,ID: 1297
Fname: 517,Lname: 257,City: 513,ID: 1043
Fname: 1016,Lname: 600,City: 1054,ID: 634
Fname: 1210,Lname: 1330,City: 28,ID: 714
Fname: 317,Lname: 1237,City: 886,ID: 1224
Fname: 811,Lname: 1445,City: 495,ID: 63
Fname: 1159,Lname: 1400,City: 983,ID: 705
Fname: 1120,Lname: 127,City: 553,ID: 769
Fname: 885,Lname: 560,City: 482,ID: 492
Fname: 397,Lname: 330,City: 83,ID: 493
Fname: 357,Lname: 1261,City: 412,ID: 46
Fname: 440,Lname: 433,City: 239,ID: 1428
Fname: 619,Lname: 1368,City: 777,ID: 834
Fname: 1178,Lname: 129,City: 592,ID: 985
Fname: 1405,Lname: 1205,City: 122,ID: 80
Fname: 1473,Lname: 974,City: 849,ID: 357
Fname: 195,Lname: 317,City: 614,ID: 276
Fname: 593,Lname: 771,City: 1079,ID: 632
Fname: 1217,Lname: 1055,City: 405,ID: 168
Fname: 739,Lname: 1055,City: 1374,ID: 1273
Fname: 1232,Lname: 696,City: 1193,ID: 263
Fname: 1322,Lname: 557,City: 25,ID: 291
Fname: 959,Lname: 346,City: 531,ID: 209
Fname: 536,Lname: 803,City: 711,ID: 827
Fname: 1449,Lname: 1163,City: 126,ID: 1476
Fname: 603,Lname: 1139,City: 118,ID: 951
Fname: 376,Lname: 764,City: 729,ID: 977
Fname: 150,Lname: 941,City: 868,ID: 361
Fname: 17,Lname: 859,City: 1251,ID: 1177
Fname: 27,Lname: 265,City: 895,ID: 537
Fname: 1142,Lname: 1412,City: 1358,ID: 1200
Fname: 282,Lname: 663,City: 1388,ID: 1026
Fname: 517,Lname: 500,City: 860,ID: 1098
Fname: 266,Lname: 1036,City: 528,ID: 1267
Fname: 164,Lname: 768,City: 1072,ID: 1027
Fname: 1243,Lname: 136,City: 1258,ID: 1429
Fname: 264,Lname: 398,City: 64,ID: 190
Fname: 846,Lname: 942,City: 975,ID: 491
Fname: 485,Lname: 1493,City: 909,ID: 1421
Fname: 1131,Lname: 288,City: 898,ID: 1184
Fname: 812,Lname: 1037,City: 691,ID: 1366
Fname: 1490,Lname: 1353,City: 363,ID: 1097
Fname: 930,Lname: 1305,City: 1237,ID: 1273
Fname: 1279,Lname: 63,City: 284,ID: 1444
Fname: 501,Lname: 1062,City: 361,ID: 1437
Fname: 1117,Lname: 640,City: 895,ID: 555
Fname: 552,Lname: 1380,City: 916,ID: 1232
Fname: 1356,Lname: 1366,City: 1363,ID: 727
Fname: 547,Lname: 602,City: 1249,ID: 849
Fname: 153,Lname: 1304,City: 171,ID: 1493
Fname: 874,Lname: 1180,City: 1324,ID: 1371
Fname: 822,Lname: 664,City: 1070,ID: 1030
Fname: 277,Lname: 227,City: 173,ID: 1267
Fname: 1007,Lname: 542,City: 752,ID: 119
Fname: 216,Lname: 1333,City: 1404,ID: 985
Fname: 1240,Lname: 567,City: 1092,ID: 891
Fname: 1326,Lname: 69,City: 36,ID: 394
Fname: 27,Lname: 1301,City: 1130,ID: 607
Fname: 882,Lname: 630,City: 72,ID: 1410
Fname: 1192,Lname: 453,City: 922,ID: 1242
Fname: 522,Lname: 649,City: 749,ID: 1279
Fname: 470,Lname: 201,City: 947,ID: 1350
Fname: 1115,Lname: 521,City: 1256,ID: 761
Fname: 733,Lname: 1097,City: 663,ID: 1139
Fname: 1087,Lname: 919,City: 459,ID: 0
Fname: 268,Lname: 5,City: 979,ID: 306
Fname: 1178,Lname: 510,City: 685,ID: 1493
Fname: 1347,Lname: 504,City: 1266,ID: 758
Fname: 822,Lname: 1093,City: 1138,ID: 510
Fname: 1048,Lname: 136,City: 1100,ID: 620
Fname: 1422,Lname: 1032,City: 1339,ID: 82
Fname: 135,Lname: 286,City: 688,ID: 703
Fname: 440,Lname: 951,City: 1337,ID: 117
Fname: 838,Lname: 49,City: 1105,ID: 759
Fname: 969,Lname: 798,City: 969,ID: 199
Fname: 1288,Lname: 1111,City: 490,ID: 776
Fname: 447,Lname: 1206,City: 1392,ID: 689
Fname: 352,Lname: 1315,City: 114,ID: 882
Fname: 1049,Lname: 176,City: 173,ID: 1020
Fname: 319,Lname: 1290,City: 1496,ID: 672
Fname: 202,Lname: 1471,City: 991,ID: 882
Fname: 390,Lname: 260,City: 17,ID: 211
Fname: 1317,Lname: 991,City: 915,ID: 776
Fname: 544,Lname: 1416,City: 514,ID: 1208
Fname: 112,Lname: 624,City: 1242,ID: 355
Fname: 494,Lname: 691,City: 178,ID: 556
Fname: 1305,Lname: 1470,City: 1277,ID: 409
Fname: 135,Lname: 42,City: 326,ID: 1037
Fname: 529,Lname: 470,City: 751,ID: 365
Fname: 66,Lname: 574,City: 1310,ID: 341
Fname: 1183,Lname: 1293,City: 1256,ID: 223
Fname: 1174,Lname: 612,City: 3,ID: 1262
Fname: 1341,Lname: 389,City: 364,ID: 446
Fname: 1207,Lname: 655,City: 1252,ID: 544
Fname: 305,Lname: 1256,City: 157,ID: 959
Fname: 407,Lname: 814,City: 1354,ID: 1188
Fname: 1366,Lname: 1388,City: 488,ID: 1409
Fname: 1417,Lname: 954,City: 820,ID: 593
Fname: 1332,Lname: 156,City: 742,ID: 1358
Fname: 672,Lname: 1309,City: 891,ID: 372
Fname: 540,Lname: 238,City: 32,ID: 1144
Fname: 53,Lname: 1305,City: 938,ID: 882
Fname: 1495,Lname: 688,City: 608,ID: 1036
Fname: 1107,Lname: 1207,City: 82,ID: 1426
Fname: 1467,Lname: 957,City: 1304,ID: 51
Fname: 719,Lname: 181,City: 669,ID: 1427
Fname: 622,Lname: 522,City: 107,ID: 194
Fname: 924,Lname: 786,City: 526,ID: 397
Fname: 1194,Lname: 343,City: 772,ID: 1218
Fname: 156,Lname: 711,City: 751,ID: 605
Fname: 778,Lname: 711,City: 248,ID: 1334
Fname: 937,Lname: 576,City: 678,ID: 126
Fname: 42,Lname: 654,City: 99,ID: 193
Fname: 833,Lname: 927,City: 1278,ID: 1393
Fname: 207,Lname: 474,City: 1434,ID: 638
Fname: 764,Lname: 452,City: 1299,ID: 991
Fname: 1278,Lname: 1293,City: 204,ID: 617
Fname: 1109,Lname: 111,City: 1029,ID: 1322
Fname: 991,Lname: 107,City: 1435,ID: 897
Fname: 1356,Lname: 883,City: 821,ID: 741
Fname: 1218,Lname: 666,City: 659,ID: 340
Fname: 383,Lname: 1069,City: 811,ID: 94
Fname: 863,Lname: 88,City: 1101,ID: 1360
Fname: 72,Lname: 1243,City: 160,ID: 905
Fname: 448,Lname: 755,City: 107,ID: 290
Fname: 1019,Lname: 156,City: 1052,ID: 1394
Fname: 291,Lname: 726,City: 855,ID: 1367
Fname: 293,Lname: 1283,City: 1134,ID: 1455
Fname: 531,Lname: 594,City: 985,ID: 789
Fname: 413,Lname: 437,City: 492,ID: 289
Fname: 1044,Lname: 946,City: 1164,ID: 322
Fname: 1193,Lname: 272,City: 970,ID: 1141
Fname: 853,Lname: 664,City: 900,ID: 300
Fname: 706,Lname: 773,City: 535,ID: 520
Fname: 267,Lname: 614,City: 511,ID: 1439
Fname: 444,Lname: 1401,City: 547,ID: 718
Fname: 897,Lname: 710,City: 204,ID: 561
Fname: 1401,Lname: 983,City: 1011,ID: 743
Fname: 830,Lname: 888,City: 1374,ID: 320
Fname: 1055,Lname: 313,City: 560,ID: 1413
Fname: 1153,Lname: 287,City: 38,ID: 760
Fname: 203,Lname: 293,City: 894,ID: 1261
Fname: 409,Lname: 500,City: 256,ID: 349
Fname: 563,Lname: 1066,City: 1249,ID: 890
Fname: 476,Lname: 892,City: 1252,ID: 806
Fname: 1210,Lname: 10,City: 299,ID: 304
Fname: 170,Lname: 337,City: 763,ID: 1269
Fname: 425,Lname: 354,City: 384,ID: 610
Fname: 1111,Lname: 503,City: 457,ID: 555
Fname: 1233,Lname: 192,City: 1261,ID: 1152
Fname: 129,Lname: 1336,City: 71,ID: 1080
Fname: 696,Lname: 1022,City: 24,ID: 1390
Fname: 557,Lname: 1441,City: 160,ID: 91
Fname: 346,Lname: 1363,City: 954,ID: 840
Fname: 1395,Lname: 31,City: 60,ID: 1363
Fname: 156,Lname: 224,City: 1228,ID: 1043
Fname: 1404,Lname: 1367,City: 1469,ID: 698
Fname: 114,Lname: 255,City: 148,ID: 188
Fname: 1469,Lname: 275,City: 624,ID: 918
Fname: 1497,Lname: 1067,City: 426,ID: 1500
Fname: 1196,Lname: 1203,City: 834,ID: 1239
Fname: 1452,Lname: 386,City: 21,ID: 814
Fname: 1090,Lname: 1354,City: 1038,ID: 67
Fname: 701,Lname: 59,City: 1025,ID: 388
Fname: 1070,Lname: 1277,City: 468,ID: 996
Fname: 1422,Lname: 1395,City: 45,ID: 1021
Fname: 603,Lname: 289,City: 525,ID: 360
Fname: 1081,Lname: 1274,City: 784,ID: 19
Fname: 100,Lname: 1008,City: 214,ID: 1157
Fname: 970,Lname: 119,City: 1011,ID: 1366
Fname: 1114,Lname: 1277,City: 546,ID: 60
Fname: 384,Lname: 491,City: 1459,ID: 1332
Fname: 298,Lname: 388,City: 56,ID: 788
Fname: 375,Lname: 645,City: 1128,ID: 965
Fname: 671,Lname: 1399,City: 1024,ID: 576
Fname: 204,Lname: 678,City: 276,ID: 1391
Fname: 742,Lname: 123,City: 1434,ID: 1092
Fname: 514,Lname: 681,City: 1436,ID: 1198
Fname: 573,Lname: 768,City: 391,ID: 1006
Fname: 1237,Lname: 1254,City: 543,ID: 926
Fname: 882,Lname: 67,City: 461,ID: 543
Fname: 1082,Lname: 608,City: 1035,ID: 58
Fname: 785,Lname: 2,City: 1496,ID: 726
Fname: 851,Lname: 224,City: 943,ID: 643
Fname: 920,Lname: 1392,City: 640,ID: 1400
Fname: 829,Lname: 330,City: 149,ID: 867
Fname: 1200,Lname: 2,City: 741,ID: 1174
Fname: 255,Lname: 1421,City: 48,ID: 503
Fname: 1193,Lname: 1108,City: 523,ID: 1360
Fname: 1112,Lname: 256,City: 922,ID: 1083
Fname: 323,Lname: 217,City: 1054,ID: 888
Fname: 1489,Lname: 924,City: 812,ID: 885
Fname: 898,Lname: 1008,City: 782,ID: 399
Fname: 816,Lname: 1464,City: 26,ID: 1050
Fname: 308,Lname: 107,City: 868,ID: 1353
Fname: 588,Lname: 947,City: 370,ID: 797
Fname: 1214,Lname: 4,City: 1415,ID: 506
Fname: 299,Lname: 514,City: 1252,ID: 1314
Fname: 893,Lname: 653,City: 123,ID: 261
Fname: 953,Lname: 890,City: 1223,ID: 1349
Fname: 1361,Lname: 887,City: 1276,ID: 396
Fname: 569,Lname: 1032,City: 533,ID: 1146
Fname: 315,Lname: 1467,City: 1473,ID: 1091
Fname: 562,Lname: 307,City: 118,ID: 174
Fname: 890,Lname: 625,City: 939,ID: 194
Fname: 1418,Lname: 758,City: 394,ID: 1248
Fname: 860,Lname: 444,City: 545,ID: 493
Fname: 1141,Lname: 1345,City: 135,ID: 1081
Fname: 860,Lname: 696,City: 976,ID: 1361
Fname: 487,Lname: 939,City: 1381,ID: 65
Fname: 352,Lname: 882,City: 1014,ID: 983
Fname: 413,Lname: 309,City: 690,ID: 177
Fname: 830,Lname: 225,City: 540,ID: 497
Fname: 1266,Lname: 258,City: 337,ID: 223
Fname: 562,Lname: 1096,City: 514,ID: 1177
Fname: 1488,Lname: 146,City: 248,ID: 216
Fname: 660,Lname: 1422,City: 771,ID: 540
Fname: 1271,Lname: 420,City: 382,ID: 1199
Fname: 1420,Lname: 1245,City: 1182,ID: 1454
Fname: 587,Lname: 565,City: 524,ID: 1210
Fname: 456,Lname: 1346,City: 983,ID: 462
Fname: 11,Lname: 1246,City: 1167,ID: 1430
Fname: 472,Lname: 1151,City: 763,ID: 971
Fname: 346,Lname: 1276,City: 1131,ID: 31
Fname: 921,Lname: 148,City: 712,ID: 1326
Fname: 1062,Lname: 1352,City: 365,ID: 5
Fname: 475,Lname: 85,City: 1163,ID: 261
Fname: 636,Lname: 425,City: 726,ID: 540
Fname: 492,Lname: 1035,City: 260,ID: 7
Fname: 258,Lname: 577,City: 653,ID: 543
Fname: 914,Lname: 810,City: 645,ID: 656
Fname: 377,Lname: 426,City: 353,ID: 173
Fname: 739,Lname: 276,City: 516,ID: 289
Fname: 1075,Lname: 1073,City: 77,ID: 1378
Fname: 49,Lname: 1042,City: 508,ID: 1016
Fname: 358,Lname: 17,City: 257,ID: 1346
Fname: 576,Lname: 288,City: 1338,ID: 631
Fname: 1310,Lname: 227,City: 931,ID: 858
Fname: 1175,Lname: 123,City: 1001,ID: 592
Fname: 917,Lname: 230,City: 1303,ID: 836
Fname: 57,Lname: 1341,City: 1275,ID: 781
Fname: 560,Lname: 184,City: 1152,ID: 1020
Fname: 420,Lname: 962,City: 305,ID: 726
Fname: 664,Lname: 1031,City: 1056,ID: 356
Fname: 314,Lname: 1175,City: 741,ID: 157
Fname: 518,Lname: 1387,City: 218,ID: 1405
Fname: 80,Lname: 822,City: 66,ID: 56
Fname: 1008,Lname: 335,City: 1099,ID: 1057
Fname: 1281,Lname: 667,City: 825,ID: 691
Fname: 1257,Lname: 866,City: 588,ID: 506
Fname: 393,Lname: 157,City: 357,ID: 675
Fname: 920,Lname: 845,City: 1014,ID: 1372
Fname: 189,Lname: 510,City: 40,ID: 1063
Fname: 1440,Lname: 1016,City: 171,ID: 568
Fname: 1470,Lname: 876,City: 1323,ID: 1305
Fname: 869,Lname: 942,City: 1393,ID: 506
Fname: 484,Lname: 1041,City: 952,ID: 694
Fname: 574,Lname: 1486,City: 823,ID: 898
Fname: 945,Lname: 1292,City: 666,ID: 668
Fname: 1413,Lname: 267,City: 685,ID: 316
Fname: 513,Lname: 764,City: 1,ID: 1053
Fname: 25,Lname: 683,City: 390,ID: 1223
Fname: 730,Lname: 23,City: 103,ID: 1195
Fname: 1290,Lname: 1472,City: 1235,ID: 376
Fname: 1347,Lname: 611,City: 108,ID: 1105
Fname: 1072,Lname: 428,City: 762,ID: 346
Fname: 1402,Lname: 297,City: 1084,ID: 691
Fname: 516,Lname: 48,City: 191,ID: 1074
Fname: 609,Lname: 1093,City: 1412,ID: 632
Fname: 196,Lname: 41,City: 1260,ID: 845
Fname: 1252,Lname: 244,City: 501,ID: 1364
Fname: 74,Lname: 334,City: 901,ID: 942
Fname: 1444,Lname: 1309,City: 1437,ID: 13
Fname: 645,Lname: 831,City: 210,ID: 1495
Fname: 352,Lname: 567,City: 489,ID: 642
Fname: 35,Lname: 1347,City: 251,ID: 344
Fname: 961,Lname: 1,City: 701,ID: 275
Fname: 599,Lname: 699,City: 1168,ID: 1095
Fname: 1391,Lname: 144,City: 189,ID: 413
Fname: 1317,Lname: 1473,City: 1404,ID: 615
Fname: 1448,Lname: 77,City: 1086,ID: 112
Fname: 354,Lname: 1232,City: 213,ID: 926
Fname: 127,Lname: 631,City: 39,ID: 685
Fname: 1106,Lname: 228,City: 19,ID: 646
Fname: 953,Lname: 579,City: 104,ID: 638
Fname: 260,Lname: 787,City: 598,ID: 200
Fname: 1058,Lname: 1095,City: 1110,ID: 1077
Fname: 624,Lname: 364,City: 1443,ID: 1258
Fname: 311,Lname: 476,City: 1230,ID: 1145
Fname: 760,Lname: 180,City: 910,ID: 1177
Fname: 573,Lname: 820,City: 1215,ID: 154
Fname: 756,Lname: 798,City: 478,ID: 570
Fname: 172,Lname: 748,City: 802,ID: 813
Fname: 757,Lname: 76,City: 889,ID: 684
Fname: 335,Lname: 655,City: 786,ID: 141
Fname: 730,Lname: 467,City: 777,ID: 1470
Fname: 1433,Lname: 709,City: 1282,ID: 529
Fname: 673,Lname: 943,City: 980,ID: 1468
Fname: 1392,Lname: 734,City: 705,ID: 681
Fname: 730,Lname: 780,City: 841,ID: 207
Fname: 1405,Lname: 638,City: 887,ID: 996
Fname: 868,Lname: 1391,City: 1144,ID: 1392
Fname: 1350,Lname: 10,City: 881,ID: 1450
Fname: 266,Lname: 941,City: 1416,ID: 1292
Fname: 710,Lname: 1205,City: 387,ID: 637
Fname: 1122,Lname: 364,City: 553,ID: 732
Fname: 812,Lname: 1416,City: 676,ID: 760
Fname: 890,Lname: 1168,City: 1380,ID: 1357
Fname: 1120,Lname: 788,City: 1398,ID: 735
Fname: 1051,Lname: 210,City: 618,ID: 850
Fname: 1428,Lname: 1232,City: 1090,ID: 991
Fname: 1092,Lname: 328,City: 1133,ID: 666
Fname: 106,Lname: 168,City: 466,ID: 782
Fname: 1130,Lname: 1271,City: 276,ID: 216
Fname: 1481,Lname: 121,City: 1049,ID: 1124
Fname: 307,Lname: 1152,City: 157,ID: 958
Fname: 1411,Lname: 265,City: 882,ID: 965
Fname: 897,Lname: 1484,City: 1059,ID: 846
Fname: 528,Lname: 506,City: 1445,ID: 1142
Fname: 274,Lname: 1422,City: 251,ID: 1405
Fname: 796,Lname: 1217,City: 1411,ID: 463
Fname: 1105,Lname: 159,City: 1082,ID: 847
Fname: 1193,Lname: 901,City: 238,ID: 1344
Fname: 1448,Lname: 1357,City: 466,ID: 1295
Fname: 584,Lname: 222,City: 1329,ID: 351
Fname: 522,Lname: 954,City: 21,ID: 1067
Fname: 1213,Lname: 906,City: 1374,ID: 1462
Fname: 1009,Lname: 771,City: 1312,ID: 735
Fname: 951,Lname: 681,City: 224,ID: 851
Fname: 796,Lname: 549,City: 1305,ID: 90
Fname: 1335,Lname: 938,City: 791,ID: 642
Fname: 762,Lname: 181,City: 937,ID: 1046
Fname: 135,Lname: 1166,City: 845,ID: 674
Fname: 707,Lname: 550,City: 113,ID: 797
Fname: 104,Lname: 771,City: 18,ID: 592
Fname: 1330,Lname: 1096,City: 95,ID: 509
Fname: 655,Lname: 1079,City: 1009,ID: 165
Fname: 485,Lname: 469,City: 441,ID: 888
Fname: 305,Lname: 939,City: 496,ID: 505
Fname: 332,Lname: 3,City: 890,ID: 1081
Fname: 1451,Lname: 360,City: 124,ID: 1458
Fname: 111,Lname: 320,City: 850,ID: 1261
Fname: 671,Lname: 730,City: 545,ID: 788
Fname: 624,Lname: 913,City: 9,ID: 681
Fname: 700,Lname: 963,City: 1482,ID: 81
Fname: 1481,Lname: 1407,City: 47,ID: 544
Fname: 779,Lname: 93,City: 306,ID: 441
Fname: 1421,Lname: 1001,City: 199,ID: 1401
Fname: 1358,Lname: 1493,City: 581,ID: 588
Fname: 1478,Lname: 1424,City: 766,ID: 556
Fname: 279,Lname: 737,City: 1367,ID: 3
Fname: 932,Lname: 1402,City: 135,ID: 702
Fname: 445,Lname: 976,City: 362,ID: 996
Fname: 557,Lname: 105,City: 1165,ID: 1139
Fname: 577,Lname: 221,City: 864,ID: 1244
Fname: 488,Lname: 1245,City: 502,ID: 280
Fname: 615,Lname: 1005,City: 811,ID: 619
Fname: 1234,Lname: 660,City: 145,ID: 1226
Fname: 980,Lname: 670,City: 1370,ID: 1457
Fname: 241,Lname: 474,City: 1301,ID: 74
Fname: 1385,Lname: 1266,City: 1239,ID: 1321
Fname: 951,Lname: 1385,City: 1246,ID: 519
Fname: 767,Lname: 1158,City: 680,ID: 1223
Fname: 541,Lname: 1436,City: 526,ID: 1127
Fname: 1284,Lname: 96,City: 106,ID: 812
Fname: 1323,Lname: 974,City: 1098,ID: 848
Fname: 133,Lname: 122,City: 515,ID: 1456
Fname: 338,Lname: 1338,City: 574,ID: 291
Fname: 935,Lname: 639,City: 1137,ID: 356
Fname: 52,Lname: 14,City: 733,ID: 231
Fname: 314,Lname: 307,City: 1407,ID: 1058
Fname: 1126,Lname: 887,City: 1368,ID: 63
Fname: 1118,Lname: 979,City: 532,ID: 23
Fname: 1489,Lname: 1000,City: 1202,ID: 1162
Fname: 681,Lname: 305,City: 101,ID: 1461
Fname: 787,Lname: 939,City: 1016,ID: 1468
Fname: 1239,Lname: 1460,City: 541,ID: 1340
Fname: 476,Lname: 1146,City: 1020,ID: 1364
Fname: 599,Lname: 1038,City: 1344,ID: 130
Fname: 1289,Lname: 292,City: 1003,ID: 359
Fname: 276,Lname: 1457,City: 340,ID: 439
Fname: 468,Lname: 63,City: 830,ID: 518
Fname: 943,Lname: 165,City: 292,ID: 839
Fname: 63,Lname: 172,City: 1328,ID: 753
Fname: 903,Lname: 903,City: 882,ID: 1472
Fname: 862,Lname: 33,City: 785,ID: 1427
Fname: 359,Lname: 1082,City: 1308,ID: 125
Fname: 17,Lname: 1299,City: 952,ID: 1392
Fname: 962,Lname: 1277,City: 12,ID: 887
Fname: 77,Lname: 1137,City: 275,ID: 1237
Fname: 615,Lname: 623,City: 610,ID: 563
Fname: 902,Lname: 725,City: 508,ID: 1427
Fname: 572,Lname: 1129,City: 961,ID: 1316
Fname: 1477,Lname: 1081,City: 89,ID: 139
Fname: 588,Lname: 756,City: 754,ID: 172
Fname: 975,Lname: 1171,City: 1109,ID: 764
Fname: 293,Lname: 899,City: 455,ID: 627
Fname: 1063,Lname: 663,City: 1312,ID: 143
Fname: 247,Lname: 1257,City: 1247,ID: 23
Fname: 1412,Lname: 793,City: 92,ID: 44
Fname: 1428,Lname: 627,City: 859,ID: 395
Fname: 1027,Lname: 325,City: 1484,ID: 1085
Fname: 726,Lname: 1412,City: 498,ID: 708
Fname: 991,Lname: 1412,City: 1386,ID: 866
Fname: 1006,Lname: 1448,City: 1156,ID: 540
Fname: 623,Lname: 1213,City: 405,ID: 1177
Fname: 183,Lname: 1186,City: 1154,ID: 1233
Fname: 776,Lname: 642,City: 643,ID: 248
Fname: 89,Lname: 220,City: 1042,ID: 408
Fname: 971,Lname: 417,City: 886,ID: 833
Fname: 69,Lname: 357,City: 603,ID: 776
Fname: 693,Lname: 650,City: 299,ID: 930
Fname: 220,Lname: 812,City: 1007,ID: 930
Fname: 1456,Lname: 1270,City: 233,ID: 540
Fname: 491,Lname: 579,City: 619,ID: 200
Fname: 1447,Lname: 1237,City: 1361,ID: 539
Fname: 584,Lname: 118,City: 918,ID: 273
Fname: 1285,Lname: 1078,City: 96,ID: 531
Fname: 594,Lname: 797,City: 964,ID: 1248
Fname: 313,Lname: 903,City: 1370,ID: 124
Fname: 1455,Lname: 903,City: 941,ID: 534
Fname: 1429,Lname: 0,City: 908,ID: 1244
Fname: 0,Lname: 156,City: 630,ID: 97
Fname: 620,Lname: 1252,City: 1444,ID: 197
Fname: 405,Lname: 1048,City: 447,ID: 582
Fname: 1298,Lname: 50,City: 1420,ID: 921
Fname: 768,Lname: 334,City: 1200,ID: 13
Fname: 364,Lname: 479,City: 1414,ID: 1389
Fname: 113,Lname: 600,City: 71,ID: 278
Fname: 1096,Lname: 981,City: 1420,ID: 606
Fname: 224,Lname: 421,City: 612,ID: 152
Fname: 557,Lname: 395,City: 702,ID: 382
Fname: 324,Lname: 1172,City: 626,ID: 588
Fname: 906,Lname: 1078,City: 67,ID: 819
Fname: 539,Lname: 1334,City: 1040,ID: 668
Fname: 839,Lname: 1303,City: 242,ID: 453
Fname: 363,Lname: 1405,City: 133,ID: 476
Fname: 863,Lname: 888,City: 158,ID: 255
Fname: 1458,Lname: 984,City: 348,ID: 160
Fname: 1494,Lname: 1275,City: 593,ID: 1115
Fname: 1231,Lname: 93,City: 901,ID: 997
Fname: 489,Lname: 819,City: 908,ID: 554
Fname: 137,Lname: 281,City: 805,ID: 143
Fname: 284,Lname: 1247,City: 255,ID: 1447
Fname: 795,Lname: 174,City: 192,ID: 308
Fname: 1205,Lname: 689,City: 1021,ID: 1386
Fname: 564,Lname: 122,City: 587,ID: 288
Fname: 1275,Lname: 328,City: 1355,ID: 34
Fname: 246,Lname: 1083,City: 19,ID: 455
Fname: 1014,Lname: 184,City: 77,ID: 834
Fname: 65,Lname: 811,City: 886,ID: 1045
Fname: 561,Lname: 511,City: 660,ID: 1427
Fname: 1438,Lname: 872,City: 1295,ID: 1348
Fname: 1090,Lname: 854,City: 1094,ID: 260
Fname: 528,Lname: 1156,City: 1484,ID: 658
Fname: 618,Lname: 171,City: 1172,ID: 797
Fname: 1328,Lname: 224,City: 595,ID: 208
Fname: 1139,Lname: 411,City: 395,ID: 878
Fname: 1006,Lname: 370,City: 1320,ID: 484
Fname: 1284,Lname: 672,City: 531,ID: 1132
Fname: 464,Lname: 622,City: 457,ID: 1338
Fname: 1027,Lname: 76,City: 1373,ID: 614
Fname: 382,Lname: 1311,City: 921,ID: 88
Fname: 806,Lname: 981,City: 1380,ID: 830
Fname: 102,Lname: 1143,City: 817,ID: 1266
Fname: 1423,Lname: 334,City: 569,ID: 1334
Fname: 545,Lname: 633,City: 473,ID: 832
Fname: 728,Lname: 379,City: 216,ID: 793
Fname: 745,Lname: 1446,City: 1398,ID: 540
Fname: 1304,Lname: 1069,City: 450,ID: 1149
Fname: 9,Lname: 559,City: 779,ID: 389
Fname: 517,Lname: 934,City: 14,ID: 1483
Fname: 892,Lname: 124,City: 323,ID: 49
Fname: 953,Lname: 1116,City: 132,ID: 325
Fname: 306,Lname: 1083,City: 1055,ID: 865
Fname: 1449,Lname: 1334,City: 994,ID: 756
Fname: 667,Lname: 1072,City: 1403,ID: 942
Fname: 182,Lname: 940,City: 1428,ID: 303
Fname: 788,Lname: 903,City: 1015,ID: 80
Fname: 800,Lname: 93,City: 681,ID: 376
Fname: 648,Lname: 907,City: 371,ID: 919
Fname: 231,Lname: 12,City: 1115,ID: 53
Fname: 1232,Lname: 1498,City: 870,ID: 905
Fname: 1470,Lname: 833,City: 1234,ID: 229
Fname: 568,Lname: 564,City: 1252,ID: 962
Fname: 1326,Lname: 618,City: 882,ID: 415
Fname: 139,Lname: 1395,City: 1345,ID: 527
Fname: 1223,Lname: 444,City: 984,ID: 292
Fname: 225,Lname: 1030,City: 1052,ID: 185
Fname: 1462,Lname: 1349,City: 973,ID: 215
Fname: 1043,Lname: 254,City: 682,ID: 1280
Fname: 474,Lname: 708,City: 116,ID: 657
Fname: 709,Lname: 634,City: 90,ID: 983
Fname: 775,Lname: 1412,City: 1448,ID: 133
Fname: 1080,Lname: 339,City: 261,ID: 1479
Fname: 954,Lname: 342,City: 782,ID: 124
Fname: 457,Lname: 1077,City: 1188,ID: 252
Fname: 1213,Lname: 678,City: 1438,ID: 726
Fname: 1165,Lname: 980,City: 71,ID: 1326
Fname: 1121,Lname: 1096,City: 364,ID: 314
Fname: 69,Lname: 345,City: 625,ID: 1076
Fname: 1147,Lname: 451,City: 883,ID: 526
Fname: 664,Lname: 718,City: 1471,ID: 608
Fname: 1349,Lname: 1387,City: 1360,ID: 1256
Fname: 56,Lname: 706,City: 508,ID: 1131
Fname: 1329,Lname: 736,City: 1450,ID: 1188
Fname: 484,Lname: 989,City: 695,ID: 444
Fname: 32,Lname: 958,City: 467,ID: 713
Fname: 1348,Lname: 1104,City: 506,ID: 191
Fname: 481,Lname: 280,City: 1006,ID: 687
Fname: 818,Lname: 946,City: 42,ID: 800
Fname: 378,Lname: 1270,City: 1143,ID: 936
Fname: 256,Lname: 1212,City: 1424,ID: 1135
Fname: 405,Lname: 1251,City: 1334,ID: 672
Fname: 292,Lname: 1013,City: 528,ID: 730
Fname: 120,Lname: 410,City: 873,ID: 405
Fname: 1065,Lname: 1140,City: 287,ID: 740
Fname: 1410,Lname: 172,City: 845,ID: 368
Fname: 108,Lname: 1120,City: 707,ID: 1403
Fname: 1401,Lname: 1330,City: 269,ID: 867
Fname: 1318,Lname: 1227,City: 891,ID: 973
Fname: 1256,Lname: 101,City: 233,ID: 500
Fname: 175,Lname: 905,City: 31,ID: 424
Fname: 192,Lname: 740,City: 1302,ID: 513
Fname: 950,Lname: 789,City: 1341,ID: 1465
Fname: 457,Lname: 1235,City: 1151,ID: 1103
Fname: 1086,Lname: 233,City: 889,ID: 212
Fname: 987,Lname: 1271,City: 1159,ID: 794
Fname: 447,Lname: 887,City: 261,ID: 596
Fname: 113,Lname: 1007,City: 1010,ID: 724
Fname: 485,Lname: 205,City: 623,ID: 327
Fname: 506,Lname: 1043,City: 1219,ID: 900
Fname: 63,Lname: 661,City: 1376,ID: 1212
Fname: 102,Lname: 657,City: 1041,ID: 882
Fname: 1360,Lname: 1253,City: 827,ID: 614
Fname: 1017,Lname: 1037,City: 380,ID: 375
Fname: 447,Lname: 695,City: 1321,ID: 40
Fname: 968,Lname: 1054,City: 94,ID: 628
Fname: 29,Lname: 962,City: 1422,ID: 1431
Fname: 863,Lname: 861,City: 261,ID: 1247
Fname: 842,Lname: 1212,City: 1261,ID: 1433
Fname: 556,Lname: 97,City: 925,ID: 46
Fname: 1246,Lname: 1088,City: 725,ID: 695
Fname: 1298,Lname: 237,City: 182,ID: 765
Fname: 1115,Lname: 498,City: 621,ID: 1058
Fname: 37,Lname: 182,City: 607,ID: 1408
Fname: 810,Lname: 1108,City: 1305,ID: 911
Fname: 597,Lname: 1487,City: 804,ID: 63
Fname: 153,Lname: 642,City: 221,ID: 242
Fname: 928,Lname: 1433,City: 526,ID: 1353
Fname: 916,Lname: 1237,City: 688,ID: 520
Fname: 157,Lname: 444,City: 320,ID: 251
Fname: 812,Lname: 1158,City: 1001,ID: 264
Fname: 1397,Lname: 793,City: 1153,ID: 361
Fname: 1404,Lname: 63,City: 337,ID: 902
Fname: 466,Lname: 909,City: 945,ID: 741
Fname: 282,Lname: 1171,City: 1497,ID: 1344
Fname: 491,Lname: 1441,City: 442,ID: 313
Fname: 205,Lname: 612,City: 165,ID: 180
Fname: 595,Lname: 1100,City: 729,ID: 144
Fname: 207,Lname: 983,City: 499,ID: 371
Fname: 997,Lname: 759,City: 1221,ID: 910
Fname: 1115,Lname: 807,City: 599,ID: 94
Fname: 147,Lname: 806,City: 706,ID: 179
Fname: 994,Lname: 1087,City: 543,ID: 498
Fname: 1329,Lname: 225,City: 958,ID: 1191
Fname: 1112,Lname: 956,City: 1183,ID: 774
Fname: 1052,Lname: 542,City: 1304,ID: 1076
Fname: 1042,Lname: 316,City: 451,ID: 211
Fname: 1251,Lname: 253,City: 341,ID: 529
Fname: 1369,Lname: 1436,City: 114,ID: 1325
Fname: 365,Lname: 249,City: 997,ID: 1481
Fname: 127,Lname: 779,City: 195,ID: 668
Fname: 551,Lname: 1049,City: 93,ID: 1000
Fname: 1407,Lname: 770,City: 539,ID: 1163
Fname: 362,Lname: 1379,City: 622,ID: 1384
Fname: 1408,Lname: 729,City: 1120,ID: 1368
Fname: 1312,Lname: 165,City: 13,ID: 109
Fname: 709,Lname: 115,City: 1486,ID: 332
Fname: 720,Lname: 806,City: 1323,ID: 1095
Fname: 574,Lname: 1073,City: 6,ID: 1312
Fname: 1097,Lname: 701,City: 1320,ID: 250
Fname: 1413,Lname: 535,City: 963,ID: 1313
Fname: 784,Lname: 807,City: 323,ID: 190
Fname: 785,Lname: 596,City: 756,ID: 823
Fname: 616,Lname: 978,City: 631,ID: 1083
Fname: 1388,Lname: 978,City: 200,ID: 1044
Fname: 1188,Lname: 619,City: 858,ID: 95
Fname: 451,Lname: 34,City: 1124,ID: 945
Fname: 818,Lname: 1207,City: 956,ID: 478
Fname: 1112,Lname: 231,City: 792,ID: 554
Fname: 997,Lname: 862,City: 1146,ID: 907
Fname: 763,Lname: 1014,City: 1466,ID: 129
Fname: 1485,Lname: 447,City: 790,ID: 1371
Fname: 904,Lname: 1151,City: 860,ID: 1003
Fname: 837,Lname: 652,City: 1243,ID: 975
Fname: 520,Lname: 1316,City: 942,ID: 436
Fname: 1405,Lname: 780,City: 692,ID: 628
Fname: 1337,Lname: 1254,City: 274,ID: 121
Fname: 953,Lname: 1221,City: 1255,ID: 1199
Fname: 1247,Lname: 1383,City: 879,ID: 502
Fname: 1358,Lname: 988,City: 1459,ID: 844
Fname: 1233,Lname: 592,City: 717,ID: 673
Fname: 696,Lname: 1131,City: 597,ID: 503
Fname: 1318,Lname: 613,City: 1042,ID: 679
Fname: 1114,Lname: 15,City: 1280,ID: 570
Fname: 556,Lname: 1106,City: 1020,ID: 1044
Fname: 1431,Lname: 494,City: 427,ID: 177
Fname: 866,Lname: 1240,City: 587,ID: 1476
Fname: 775,Lname: 1096,City: 668,ID: 994
Fname: 325,Lname: 820,City: 362,ID: 333
Fname: 1147,Lname: 930,City: 227,ID: 1496
Fname: 134,Lname: 310,City: 1196,ID: 516
Fname: 714,Lname: 1337,City: 1311,ID: 327
Fname: 252,Lname: 108,City: 1217,ID: 920
Fname: 354,Lname: 102,City: 224,ID: 1405
Fname: 160,Lname: 613,City: 1043,ID: 438
Fname: 279,Lname: 392,City: 700,ID: 966
Fname: 1113,Lname: 1122,City: 574,ID: 979
Fname: 396,Lname: 355,City: 839,ID: 152
Fname: 931,Lname: 1209,City: 1407,ID: 1086
Fname: 345,Lname: 1119,City: 1405,ID: 1303
Fname: 534,Lname: 211,City: 133,ID: 1282
Fname: 1027,Lname: 333,City: 1441,ID: 157
Fname: 799,Lname: 1272,City: 328,ID: 81
Fname: 1036,Lname: 531,City: 1213,ID: 766
Fname: 891,Lname: 912,City: 551,ID: 316
Fname: 472,Lname: 1378,City: 542,ID: 1317
Fname: 992,Lname: 1261,City: 489,ID: 1180
Fname: 1391,Lname: 194,City: 1220,ID: 205
Fname: 9,Lname: 1078,City: 205,ID: 390
Fname: 297,Lname: 90,City: 1369,ID: 1272
Fname: 714,Lname: 453,City: 1372,ID: 549
Fname: 869,Lname: 1013,City: 1250,ID: 387
Fname: 868,Lname: 898,City: 973,ID: 227
Fname: 1461,Lname: 183,City: 368,ID: 271
Fname: 447,Lname: 1361,City: 1189,ID: 660
Fname: 273,Lname: 826,City: 1338,ID: 1169
Fname: 555,Lname: 1240,City: 1067,ID: 74
Fname: 955,Lname: 1470,City: 938,ID: 731
Fname: 301,Lname: 438,City: 5,ID: 1116
Fname: 1003,Lname: 1384,City: 1371,ID: 1000
Fname: 968,Lname: 746,City: 1335,ID: 27
Fname: 280,Lname: 380,City: 1317,ID: 843
Fname: 1467,Lname: 29,City: 764,ID: 317
Fname: 805,Lname: 143,City: 432,ID: 644
Fname: 453,Lname: 439,City: 732,ID: 510
Fname: 1414,Lname: 720,City: 1252,ID: 997
Fname: 1409,Lname: 989,City: 1308,ID: 418
Fname: 1491,Lname: 1456,City: 1371,ID: 1241
Fname: 966,Lname: 411,City: 333,ID: 1415
Fname: 183,Lname: 1034,City: 714,ID: 1360
Fname: 1293,Lname: 1372,City: 780,ID: 1133
Fname: 436,Lname: 474,City: 426,ID: 1356
Fname: 268,Lname: 1310,City: 958,ID: 1375
Fname: 218,Lname: 1074,City: 786,ID: 1047
Fname: 371,Lname: 922,City: 1462,ID: 1108
Fname: 436,Lname: 42,City: 1065,ID: 1368
Fname: 861,Lname: 263,City: 547,ID: 1469
Fname: 354,Lname: 465,City: 885,ID: 72
Fname: 1417,Lname: 892,City: 1240,ID: 850
Fname: 1432,Lname: 609,City: 480,ID: 1249
Fname: 178,Lname: 1186,City: 436,ID: 1188
Fname: 1380,Lname: 1054,City: 689,ID: 189
Fname: 1250,Lname: 150,City: 14,ID: 1234
Fname: 571,Lname: 998,City: 1369,ID: 1415
Fname: 654,Lname: 1363,City: 995,ID: 954
Fname: 1347,Lname: 808,City: 353,ID: 732
Fname: 114,Lname: 435,City: 188,ID: 265
Fname: 1216,Lname: 1002,City: 1445,ID: 1285
Fname: 130,Lname: 754,City: 1453,ID: 160
Fname: 1073,Lname: 936,City: 639,ID: 1226
Fname: 271,Lname: 153,City: 1437,ID: 998
Fname: 404,Lname: 261,City: 69,ID: 729
Fname: 1014,Lname: 206,City: 907,ID: 749
Fname: 665,Lname: 1341,City: 21,ID: 1041
Fname: 781,Lname: 1244,City: 492,ID: 663
Fname: 1109,Lname: 849,City: 52,ID: 18
Fname: 155,Lname: 1234,City: 963,ID: 507
Fname: 188,Lname: 1326,City: 666,ID: 1206
Fname: 1246,Lname: 1098,City: 238,ID: 310
Fname: 889,Lname: 416,City: 168,ID: 693
Fname: 348,Lname: 109,City: 442,ID: 814
Fname: 270,Lname: 1343,City: 973,ID: 1459
Fname: 1467,Lname: 961,City: 1150,ID: 1053
Fname: 809,Lname: 1292,City: 364,ID: 1167
Fname: 62,Lname: 25,City: 1062,ID: 798
Fname: 1467,Lname: 1195,City: 924,ID: 176
Fname: 1408,Lname: 538,City: 0,ID: 489
Fname: 851,Lname: 1148,City: 102,ID: 795
Fname: 1045,Lname: 1410,City: 981,ID: 1336
Fname: 19,Lname: 1030,City: 770,ID: 1353
Fname: 715,Lname: 539,City: 1173,ID: 514
Fname: 1339,Lname: 883,City: 656,ID: 76
Fname: 488,Lname: 147,City: 713,ID: 996
Fname: 739,Lname: 1336,City: 271,ID: 838
Fname: 864,Lname: 1304,City: 393,ID: 1222
Fname: 111,Lname: 1425,City: 819,ID: 1490
Fname: 1163,Lname: 685,City: 1373,ID: 780
Fname: 1240,Lname: 380,City: 812,ID: 704
Fname: 942,Lname: 1252,City: 1455,ID: 1168
Fname: 862,Lname: 729,City: 319,ID: 126
Fname: 614,Lname: 1477,City: 387,ID: 579
Fname: 842,Lname: 1411,City: 1,ID: 52
Fname: 88,Lname: 835,City: 1466,ID: 1465
Fname: 953,Lname: 1085,City: 1110,ID: 781
Fname: 569,Lname: 658,City: 1434,ID: 195
Fname: 1349,Lname: 213,City: 216,ID: 980
Fname: 952,Lname: 1330,City: 440,ID: 684
Fname: 1392,Lname: 1031,City: 20,ID: 178
Fname: 1292,Lname: 74,City: 554,ID: 451
Fname: 1266,Lname: 1062,City: 75,ID: 951
Fname: 874,Lname: 881,City: 842,ID: 987
Fname: 1219,Lname: 1326,City: 134,ID: 346
Fname: 1034,Lname: 27,City: 800,ID: 1172
Fname: 774,Lname: 110,City: 1428,ID: 643
Fname: 1042,Lname: 796,City: 289,ID: 906
Fname: 811,Lname: 999,City: 1235,ID: 558
Fname: 185,Lname: 181,City: 782,ID: 1151
Fname: 1238,Lname: 954,City: 1117,ID: 473
Fname: 578,Lname: 568,City: 229,ID: 193
Fname: 911,Lname: 1190,City: 457,ID: 1110
Fname: 592,Lname: 211,City: 856,ID: 1266
Fname: 974,Lname: 112,City: 520,ID: 189
Fname: 814,Lname: 1326,City: 914,ID: 389
Fname: 151,Lname: 779,City: 252,ID: 621
Fname: 447,Lname: 1500,City: 25,ID: 1255
Fname: 988,Lname: 1312,City: 452,ID: 256
Fname: 157,Lname: 1134,City: 409,ID: 1375
Fname: 26,Lname: 119,City: 272,ID: 1356
Fname: 1045,Lname: 695,City: 937,ID: 461
Fname: 1353,Lname: 956,City: 926,ID: 950
Fname: 251,Lname: 1253,City: 50,ID: 942
Fname: 175,Lname: 1141,City: 1285,ID: 577
Fname: 473,Lname: 1286,City: 1453,ID: 1455
Fname: 1194,Lname: 427,City: 1082,ID: 319
Fname: 455,Lname: 5,City: 872,ID: 1231
Fname: 216,Lname: 1089,City: 53,ID: 432
Fname: 450,Lname: 1100,City: 438,ID: 1477
Fname: 614,Lname: 1250,City: 768,ID: 669
Fname: 859,Lname: 1131,City: 359,ID: 262
Fname: 187,Lname: 35,City: 212,ID: 382
Fname: 1352,Lname: 1283,City: 1344,ID: 60
Fname: 1190,Lname: 815,City: 649,ID: 918
Fname: 1226,Lname: 689,City: 1058,ID: 228
Fname: 1040,Lname: 1480,City: 729,ID: 1240
Fname: 1077,Lname: 222,City: 1073,ID: 526
Fname: 1317,Lname: 1439,City: 933,ID: 1419
Fname: 1344,Lname: 794,City: 1388,ID: 323
Fname: 1140,Lname: 771,City: 190,ID: 1486
Fname: 708,Lname: 948,City: 681,ID: 513
Fname: 833,Lname: 298,City: 325,ID: 1044
Fname: 974,Lname: 296,City: 510,ID: 602
Fname: 589,Lname: 1230,City: 1188,ID: 1392
Fname: 1058,Lname: 480,City: 211,ID: 637
Fname: 838,Lname: 1273,City: 1039,ID: 1076
Fname: 1409,Lname: 499,City: 1123,ID: 885
Fname: 222,Lname: 1487,City: 897,ID: 700
Fname: 1191,Lname: 1208,City: 1113,ID: 1220
Fname: 794,Lname: 984,City: 938,ID: 524
Fname: 1100,Lname: 1215,City: 691,ID: 300
Fname: 1162,Lname: 123,City: 1486,ID: 312
Fname: 402,Lname: 648,City: 552,ID: 1244
Fname: 1216,Lname: 1077,City: 35,ID: 800
Fname: 1277,Lname: 1354,City: 919,ID: 861
Fname: 150,Lname: 180,City: 981,ID: 1400
Fname: 299,Lname: 1156,City: 1039,ID: 953
Fname: 1423,Lname: 258,City: 187,ID: 127
Fname: 241,Lname: 677,City: 719,ID: 348
Fname: 1211,Lname: 1371,City: 735,ID: 843
Fname: 895,Lname: 1058,City: 682,ID: 508
Fname: 153,Lname: 1457,City: 1213,ID: 1313
Fname: 12,Lname: 1048,City: 301,ID: 1144
Fname: 718,Lname: 528,City: 74,ID: 824
Fname: 53,Lname: 1030,City: 1499,ID: 533
Fname: 622,Lname: 297,City: 1273,ID: 1450
Fname: 1307,Lname: 1488,City: 1149,ID: 524
Fname: 384,Lname: 1341,City: 52,ID: 488
Fname: 946,Lname: 731,City: 1217,ID: 1124
Fname: 590,Lname: 430,City: 487,ID: 305
Fname: 812,Lname: 1276,City: 1040,ID: 1000
Fname: 69,Lname: 1377,City: 1256,ID: 573
Fname: 1324,Lname: 1468,City: 634,ID: 801
Fname: 492,Lname: 1235,City: 1065,ID: 902
Fname: 199,Lname: 720,City: 1163,ID: 1461
Fname: 650,Lname: 509,City: 691,ID: 446
Fname: 123,Lname: 1093,City: 241,ID: 1014
Fname: 228,Lname: 695,City: 774,ID: 1363
Fname: 406,Lname: 448,City: 1001,ID: 986
Fname: 535,Lname: 1481,City: 1144,ID: 950
Fname: 1065,Lname: 228,City: 165,ID: 837
Fname: 898,Lname: 732,City: 4,ID: 634
Fname: 212,Lname: 142,City: 1373,ID: 290
Fname: 264,Lname: 1333,City: 1469,ID: 893
Fname: 984,Lname: 1404,City: 149,ID: 1265
Fname: 592,Lname: 629,City: 1178,ID: 918
Fname: 1466,Lname: 23,City: 687,ID: 1149
Fname: 549,Lname: 1025,City: 708,ID: 69
Fname: 549,Lname: 8,City: 136,ID: 1223
Fname: 403,Lname: 1237,City: 325,ID: 1468
Fname: 191,Lname: 367,City: 1381,ID: 351
Fname: 499,Lname: 1074,City: 1115,ID: 48
Fname: 261,Lname: 545,City: 1464,ID: 1168
Fname: 1131,Lname: 679,City: 962,ID: 1305
Fname: 380,Lname: 467,City: 1236,ID: 270
Fname: 732,Lname: 78,City: 416,ID: 972
Fname: 1385,Lname: 507,City: 62,ID: 1370
Fname: 1375,Lname: 1079,City: 172,ID: 431
Fname: 1156,Lname: 431,City: 471,ID: 587
Fname: 1093,Lname: 723,City: 1013,ID: 1326
Fname: 939,Lname: 1301,City: 969,ID: 1492
Fname: 999,Lname: 393,City: 1341,ID: 1306
Fname: 281,Lname: 689,City: 183,ID: 433
Fname: 457,Lname: 570,City: 177,ID: 1297
Fname: 862,Lname: 188,City: 1403,ID: 722
Fname: 619,Lname: 265,City: 296,ID: 678
Fname: 1225,Lname: 310,City: 903,ID: 1213
Fname: 1335,Lname: 236,City: 991,ID: 986
Fname: 1106,Lname: 487,City: 1095,ID: 1275
Fname: 181,Lname: 702,City: 1419,ID: 250
Fname: 1471,Lname: 399,City: 1132,ID: 728
Fname: 1301,Lname: 556,City: 1082,ID: 695
Fname: 477,Lname: 1330,City: 408,ID: 1408
Fname: 175,Lname: 1306,City: 958,ID: 86
Fname: 707,Lname: 364,City: 566,ID: 1031
Fname: 1385,Lname: 868,City: 1298,ID: 415
Fname: 1209,Lname: 883,City: 1082,ID: 409
Fname: 860,Lname: 32,City: 296,ID: 1
Fname: 1108,Lname: 98,City: 243,ID: 167
Fname: 247,Lname: 204,City: 1068,ID: 246
Fname: 641,Lname: 721,City: 1263,ID: 458
Fname: 1280,Lname: 726,City: 800,ID: 1493
Fname: 681,Lname: 1062,City: 36,ID: 862
Fname: 431,Lname: 608,City: 1133,ID: 518
Fname: 220,Lname: 397,City: 1290,ID: 1458
Fname: 1369,Lname: 950,City: 1387,ID: 173
Fname: 1267,Lname: 372,City: 633,ID: 867
Fname: 518,Lname: 965,City: 568,ID: 760
Fname: 328,Lname: 114,City: 637,ID: 1234
Fname: 192,Lname: 1313,City: 1402,ID: 798
Fname: 497,Lname: 969,City: 1230,ID: 1066
Fname: 381,Lname: 1183,City: 258,ID: 267
Fname: 225,Lname: 543,City: 1038,ID: 1378
Fname: 521,Lname: 366,City: 749,ID: 313
Fname: 1136,Lname: 1385,City: 182,ID: 466
Fname: 1080,Lname: 933,City: 1418,ID: 154
Fname: 617,Lname: 134,City: 1449,ID: 485
Fname: 1496,Lname: 1358,City: 905,ID: 1326
Fname: 1319,Lname: 690,City: 1390,ID: 673
Fname: 637,Lname: 473,City: 916,ID: 966
Fname: 647,Lname: 330,City: 1057,ID: 727
Fname: 838,Lname: 952,City: 87,ID: 972
Fname: 30,Lname: 29,City: 1378,ID: 258
Fname: 671,Lname: 1187,City: 1497,ID: 1142
Fname: 490,Lname: 599,City: 594,ID: 815
Fname: 5,Lname: 736,City: 1487,ID: 791
Fname: 280,Lname: 1451,City: 815,ID: 1385
Fname: 911,Lname: 510,City: 306,ID: 122
Fname: 224,Lname: 964,City: 1083,ID: 1009
Fname: 1145,Lname: 760,City: 198,ID: 835
Fname: 503,Lname: 1358,City: 389,ID: 300
Fname: 1392,Lname: 702,City: 1199,ID: 504
Fname: 180,Lname: 1047,City: 282,ID: 666
Fname: 480,Lname: 818,City: 433,ID: 1141
Fname: 21,Lname: 997,City: 1286,ID: 1146
Fname: 434,Lname: 1389,City: 1160,ID: 626
Fname: 964,Lname: 974,City: 107,ID: 191
Fname: 648,Lname: 750,City: 1341,ID: 50
Fname: 1463,Lname: 871,City: 1395,ID: 960
Fname: 131,Lname: 1069,City: 1284,ID: 728
Fname: 1014,Lname: 750,City: 870,ID: 1040
Fname: 1475,Lname: 699,City: 1379,ID: 1320
Fname: 151,Lname: 1209,City: 1124,ID: 1054
Fname: 1425,Lname: 1265,City: 497,ID: 585
Fname: 33,Lname: 341,City: 875,ID: 874
Fname: 213,Lname: 231,City: 739,ID: 21
Fname: 1040,Lname: 1249,City: 200,ID: 1238
Fname: 249,Lname: 1208,City: 1145,ID: 1441
Fname: 1271,Lname: 1499,City: 579,ID: 87
Fname: 734,Lname: 444,City: 727,ID: 912
Fname: 1226,Lname: 648,City: 920,ID: 745
Fname: 1186,Lname: 13,City: 1282,ID: 752
Fname: 1129,Lname: 1441,City: 694,ID: 641
Fname: 740,Lname: 1093,City: 1269,ID: 1174
Fname: 174,Lname: 1410,City: 171,ID: 204
Fname: 805,Lname: 692,City: 1199,ID: 830
Fname: 1048,Lname: 382,City: 511,ID: 320
Fname: 626,Lname: 792,City: 381,ID: 106
Fname: 1456,Lname: 120,City: 308,ID: 908
Fname: 304,Lname: 1026,City: 857,ID: 137
Fname: 1023,Lname: 895,City: 492,ID: 1403
Fname: 807,Lname: 342,City: 43,ID: 1179
Fname: 1103,Lname: 1445,City: 771,ID: 1221
Fname: 274,Lname: 1156,City: 854,ID: 402
Fname: 90,Lname: 891,City: 314,ID: 699
Fname: 233,Lname: 135,City: 118,ID: 787
Fname: 902,Lname: 1299,City: 1164,ID: 966
Fname: 1088,Lname: 1327,City: 541,ID: 1302
Fname: 442,Lname: 1391,City: 1010,ID: 1428
Fname: 1358,Lname: 1193,City: 115,ID: 943
Fname: 609,Lname: 426,City: 964,ID: 344
Fname: 496,Lname: 1115,City: 482,ID: 1201
Fname: 1449,Lname: 757,City: 632,ID: 256
Fname: 450,Lname: 141,City: 660,ID: 1463
Fname: 839,Lname: 1482,City: 695,ID: 900
Fname: 843,Lname: 524,City: 27,ID: 1068
Fname: 91,Lname: 1158,City: 1140,ID: 314
Fname: 1384,Lname: 97,City: 1019,ID: 273
Fname: 1301,Lname: 1492,City: 888,ID: 986
Fname: 210,Lname: 1014,City: 1403,ID: 870
Fname: 506,Lname: 275,City: 596,ID: 314
Fname: 1225,Lname: 782,City: 458,ID: 739
Fname: 399,Lname: 7,City: 1374,ID: 1422
Fname: 333,Lname: 1005,City: 417,ID: 1190
Fname: 1498,Lname: 490,City: 725,ID: 96
Fname: 236,Lname: 107,City: 1105,ID: 331
Fname: 1226,Lname: 140,City: 910,ID: 181
Fname: 594,Lname: 883,City: 1440,ID: 816
Fname: 213,Lname: 1317,City: 210,ID: 1258
Fname: 1078,Lname: 1080,City: 825,ID: 885
Fname: 1331,Lname: 386,City: 169,ID: 1067
Fname: 1409,Lname: 695,City: 1162,ID: 1400
Fname: 149,Lname: 902,City: 120,ID: 992
Fname: 1409,Lname: 108,City: 381,ID: 962
Fname: 764,Lname: 860,City: 171,ID: 62
Fname: 20,Lname: 146,City: 804,ID: 1207
Fname: 1049,Lname: 919,City: 1208,ID: 223
Fname: 1500,Lname: 685,City: 1419,ID: 817
Fname: 565,Lname: 536,City: 235,ID: 224
Fname: 860,Lname: 1036,City: 27,ID: 465
Fname: 441,Lname: 17,City: 737,ID: 640
Fname: 801,Lname: 1183,City: 1159,ID: 490
Fname: 711,Lname: 1287,City: 1232,ID: 1014
Fname: 628,Lname: 706,City: 1478,ID: 57
Fname: 890,Lname: 285,City: 223,ID: 1425
Fname: 174,Lname: 872,City: 1432,ID: 236
Fname: 357,Lname: 1097,City: 1013,ID: 1243
Fname: 687,Lname: 1066,City: 552,ID: 874
Fname: 1051,Lname: 1313,City: 591,ID: 716
Fname: 1164,Lname: 1314,City: 17,ID: 1339
Fname: 874,Lname: 1411,City: 525,ID: 391
Fname: 982,Lname: 967,City: 461,ID: 1326
Fname: 621,Lname: 844,City: 835,ID: 303
Fname: 746,Lname: 547,City: 140,ID: 541
Fname: 165,Lname: 1159,City: 350,ID: 726
Fname: 414,Lname: 423,City: 668,ID: 1327
Fname: 638,Lname: 1035,City: 619,ID: 979
Fname: 24,Lname: 1222,City: 292,ID: 72
Fname: 360,Lname: 1182,City: 31,ID: 2
Fname: 305,Lname: 1222,City: 999,ID: 718
Fname: 352,Lname: 1443,City: 1305,ID: 1240
Fname: 28,Lname: 1399,City: 1147,ID: 551
Fname: 654,Lname: 574,City: 412,ID: 889
Fname: 1393,Lname: 731,City: 562,ID: 745
Fname: 685,Lname: 1109,City: 949,ID: 888
Fname: 1368,Lname: 352,City: 58,ID: 960
Fname: 640,Lname: 780,City: 385,ID: 1265
Fname: 829,Lname: 94,City: 405,ID: 1134
Fname: 441,Lname: 279,City: 1135,ID: 1065
Fname: 1016,Lname: 855,City: 1289,ID: 162
Fname: 955,Lname: 1353,City: 1121,ID: 51
Fname: 370,Lname: 805,City: 1343,ID: 545
Fname: 829,Lname: 168,City: 431,ID: 1363
Fname: 1408,Lname: 1328,City: 951,ID: 396
Fname: 157,Lname: 1097,City: 1241,ID: 1221
Fname: 610,Lname: 378,City: 512,ID: 1100
Fname: 682,Lname: 1359,City: 139,ID: 355
Fname: 1018,Lname: 623,City: 22,ID: 1456
Fname: 204,Lname: 142,City: 844,ID: 147
Fname: 448,Lname: 1254,City: 1470,ID: 719
Fname: 263,Lname: 125,City: 206,ID: 189
Fname: 1221,Lname: 1483,City: 1458,ID: 206
Fname: 69,Lname: 196,City: 356,ID: 1469
Fname: 1422,Lname: 1277,City: 738,ID: 1002
Fname: 653,Lname: 463,City: 664,ID: 561
Fname: 270,Lname: 208,City: 706,ID: 756
Fname: 1188,Lname: 622,City: 993,ID: 1037
Fname: 1144,Lname: 62,City: 204,ID: 596
Fname: 1453,Lname: 309,City: 1264,ID: 1064
Fname: 223,Lname: 174,City: 982,ID: 221
Fname: 537,Lname: 841,City: 145,ID: 629
Fname: 595,Lname: 1159,City: 1404,ID: 149
Fname: 407,Lname: 17,City: 1126,ID: 32
Fname: 236,Lname: 1284,City: 92,ID: 1249
Fname: 717,Lname: 1213,City: 511,ID: 465
Fname: 1169,Lname: 1024,City: 1156,ID: 743
Fname: 1372,Lname: 474,City: 80,ID: 995
Fname: 318,Lname: 563,City: 1432,ID: 1338
Fname: 507,Lname: 972,City: 538,ID: 485
Fname: 354,Lname: 792,City: 1264,ID: 557
Fname: 67,Lname: 553,City: 1223,ID: 1112
Fname: 1434,Lname: 1055,City: 620,ID: 926
Fname: 185,Lname: 23,City: 508,ID: 367
Fname: 1408,Lname: 202,City: 304,ID: 889
Fname: 1183,Lname: 445,City: 50,ID: 178
Fname: 179,Lname: 40,City: 1090,ID: 886
Fname: 548,Lname: 613,City: 1001,ID: 42
Fname: 638,Lname: 1119,City: 1444,ID: 867
Fname: 638,Lname: 1337,City: 124,ID: 1296
Fname: 1438,Lname: 203,City: 1409,ID: 941
Fname: 1084,Lname: 1425,City: 1417,ID: 179
Fname: 1076,Lname: 699,City: 512,ID: 7
Fname: 927,Lname: 745,City: 808,ID: 1430
Fname: 1356,Lname: 1173,City: 655,ID: 1250
Fname: 656,Lname: 934,City: 1007,ID: 1184
Fname: 235,Lname: 570,City: 447,ID: 125
Fname: 1446,Lname: 1109,City: 575,ID: 1422
Fname: 572,Lname: 339,City: 164,ID: 746
Fname: 1201,Lname: 667,City: 523,ID: 205
Fname: 26,Lname: 915,City: 588,ID: 212
Fname: 1025,Lname: 247,City: 1071,ID: 1021
Fname: 1003,Lname: 1435,City: 860,ID: 1457
Fname: 181,Lname: 572,City: 1039,ID: 441
Fname: 55,Lname: 24,City: 628,ID: 1037
Fname: 168,Lname: 45,City: 306,ID: 1299
Fname: 608,Lname: 780,City: 1407,ID: 1287
Fname: 1212,Lname: 1490,City: 423,ID: 113
Fname: 65,Lname: 937,City: 191,ID: 415
Fname: 809,Lname: 993,City: 635,ID: 239
Fname: 1312,Lname: 1073,City: 1351,ID: 1414
Fname: 524,Lname: 441,City: 984,ID: 511
Fname: 1310,Lname: 538,City: 936,ID: 247
Fname: 626,Lname: 930,City: 685,ID: 1236
Fname: 63,Lname: 153,City: 567,ID: 593
Fname: 393,Lname: 633,City: 1100,ID: 832
Fname: 1318,Lname: 496,City: 552,ID: 309
Fname: 1239,Lname: 719,City: 15,ID: 687
Fname: 1178,Lname: 1242,City: 711,ID: 607
Fname: 1200,Lname: 600,City: 791,ID: 1255
Fname: 1149,Lname: 910,City: 1056,ID: 686
Fname: 986,Lname: 873,City: 699,ID: 1122
Fname: 570,Lname: 261,City: 288,ID: 1396
Fname: 803,Lname: 662,City: 535,ID: 183
Fname: 221,Lname: 1497,City: 302,ID: 113
Fname: 996,Lname: 869,City: 792,ID: 294
Fname: 842,Lname: 715,City: 84,ID: 833
Fname: 666,Lname: 542,City: 200,ID: 1115
Fname: 715,Lname: 1391,City: 254,ID: 730
Fname: 958,Lname: 619,City: 699,ID: 731
Fname: 1085,Lname: 1205,City: 674,ID: 755
Fname: 1462,Lname: 1055,City: 326,ID: 863
Fname: 181,Lname: 262,City: 1191,ID: 792
Fname: 394,Lname: 1038,City: 382,ID: 686
Fname: 695,Lname: 1280,City: 316,ID: 965
Fname: 176,Lname: 115,City: 1323,ID: 1474
Fname: 308,Lname: 305,City: 729,ID: 1136
Fname: 1460,Lname: 1264,City: 1357,ID: 868
Fname: 635,Lname: 708,City: 82,ID: 1051
Fname: 141,Lname: 178,City: 1454,ID: 1334
Fname: 114,Lname: 208,City: 939,ID: 806
Fname: 1217,Lname: 251,City: 1225,ID: 902
Fname: 1500,Lname: 1404,City: 678,ID: 1437
Fname: 1186,Lname: 284,City: 1019,ID: 1313
Fname: 1044,Lname: 1311,City: 70,ID: 246
Fname: 744,Lname: 159,City: 649,ID: 1292
Fname: 1434,Lname: 1128,City: 146,ID: 1091
Fname: 1471,Lname: 1246,City: 643,ID: 1318
Fname: 189,Lname: 652,City: 245,ID: 862
Fname: 961,Lname: 270,City: 550,ID: 696
Fname: 767,Lname: 473,City: 813,ID: 1068
Fname: 290,Lname: 48,City: 1175,ID: 710
Fname: 580,Lname: 1323,City: 1101,ID: 1333
Fname: 1409,Lname: 126,City: 704,ID: 1069
Fname: 826,Lname: 1058,City: 597,ID: 65
Fname: 803,Lname: 1154,City: 1207,ID: 1234
Fname: 455,Lname: 1400,City: 309,ID: 326
Fname: 1496,Lname: 92,City: 1134,ID: 248
Fname: 337,Lname: 1050,City: 120,ID: 972
Fname: 1074,Lname: 1461,City: 103,ID: 49
Fname: 1073,Lname: 123,City: 467,ID: 1455
Fname: 1074,Lname: 738,City: 1286,ID: 597
Fname: 29,Lname: 245,City: 189,ID: 1276
Fname: 554,Lname: 1136,City: 153,ID: 1153
Fname: 1172,Lname: 904,City: 149,ID: 142
Fname: 900,Lname: 296,City: 764,ID: 466
Fname: 1139,Lname: 330,City: 1484,ID: 111
Fname: 166,Lname: 167,City: 832,ID: 575
Fname: 892,Lname: 170,City: 908,ID: 1330
Fname: 1270,Lname: 1167,City: 1152,ID: 449
Fname: 76,Lname: 846,City: 1038,ID: 715
Fname: 539,Lname: 22,City: 559,ID: 699
Fname: 278,Lname: 2,City: 552,ID: 651
Fname: 1391,Lname: 110,City: 936,ID: 934
Fname: 1076,Lname: 568,City: 335,ID: 1093
Fname: 277,Lname: 1483,City: 1308,ID: 1241
Fname: 1457,Lname: 870,City: 326,ID: 1044
Fname: 730,Lname: 1298,City: 1435,ID: 81
Fname: 1009,Lname: 1470,City: 1011,ID: 495
Fname: 1049,Lname: 465,City: 733,ID: 995
Fname: 582,Lname: 922,City: 1089,ID: 1195
Fname: 662,Lname: 1283,City: 868,ID: 69
Fname: 392,Lname: 1368,City: 273,ID: 964
Fname: 782,Lname: 13,City: 870,ID: 293
Fname: 484,Lname: 1275,City: 390,ID: 754
Fname: 1168,Lname: 634,City: 161,ID: 508
Fname: 144,Lname: 622,City: 1061,ID: 798
Fname: 571,Lname: 1440,City: 294,ID: 565
Fname: 1362,Lname: 330,City: 459,ID: 1240
Fname: 985,Lname: 283,City: 1069,ID: 815
Fname: 1416,Lname: 437,City: 1152,ID: 1436
Fname: 915,Lname: 263,City: 538,ID: 259
Fname: 82,Lname: 1428,City: 258,ID: 177
Fname: 581,Lname: 673,City: 344,ID: 1301
Fname: 161,Lname: 439,City: 624,ID: 250
Fname: 230,Lname: 340,City: 211,ID: 870
Fname: 1261,Lname: 117,City: 237,ID: 507
Fname: 422,Lname: 445,City: 1085,ID: 1124
Fname: 379,Lname: 991,City: 1303,ID: 987
Fname: 1457,Lname: 1207,City: 489,ID: 1147
Fname: 98,Lname: 641,City: 921,ID: 1185
Fname: 193,Lname: 199,City: 301,ID: 1488
Fname: 309,Lname: 433,City: 1021,ID: 858
Fname: 228,Lname: 259,City: 565,ID: 58
Fname: 464,Lname: 757,City: 162,ID: 533
Fname: 729,Lname: 110,City: 337,ID: 597
Fname: 1286,Lname: 237,City: 123,ID: 1301
Fname: 1465,Lname: 254,City: 223,ID: 653
Fname: 996,Lname: 728,City: 847,ID: 948
Fname: 531,Lname: 778,City: 1303,ID: 1325
Fname: 1396,Lname: 1097,City: 545,ID: 212
Fname: 1100,Lname: 1437,City: 1430,ID: 322
Fname: 1405,Lname: 53,City: 401,ID: 1079
Fname: 1442,Lname: 1162,City: 277,ID: 517
Fname: 109,Lname: 1053,City: 771,ID: 42
Fname: 1285,Lname: 1237,City: 41,ID: 667
Fname: 278,Lname: 1388,City: 339,ID: 75
Fname: 478,Lname: 309,City: 1084,ID: 791
Fname: 462,Lname: 1490,City: 699,ID: 881
Fname: 313,Lname: 1309,City: 467,ID: 1166
Fname: 440,Lname: 807,City: 961,ID: 908
Fname: 1172,Lname: 778,City: 992,ID: 977
Fname: 1056,Lname: 38,City: 697,ID: 221
Fname: 741,Lname: 985,City: 641,ID: 584
Fname: 190,Lname: 603,City: 654,ID: 720
Fname: 723,Lname: 1128,City: 905,ID: 1002
Fname: 896,Lname: 1288,City: 526,ID: 1021
Fname: 274,Lname: 457,City: 1465,ID: 1239
Fname: 834,Lname: 1205,City: 483,ID: 454
Fname: 1427,Lname: 709,City: 1495,ID: 866
Fname: 52,Lname: 1185,City: 506,ID: 1476
Fname: 882,Lname: 924,City: 721,ID: 536
Fname: 652,Lname: 512,City: 941,ID: 900
Fname: 923,Lname: 1007,City: 1173,ID: 1272
Fname: 1304,Lname: 184,City: 491,ID: 600
Fname: 378,Lname: 312,City: 638,ID: 1205
Fname: 620,Lname: 882,City: 47,ID: 288
Fname: 935,Lname: 1042,City: 260,ID: 692
Fname: 1300,Lname: 266,City: 577,ID: 1074
Fname: 933,Lname: 1277,City: 1173,ID: 522
Fname: 38,Lname: 1222,City: 620,ID: 139
Fname: 751,Lname: 208,City: 272,ID: 822
Fname: 1159,Lname: 166,City: 749,ID: 1173
Fname: 1340,Lname: 68,City: 971,ID: 954
Fname: 22,Lname: 792,City: 846,ID: 398
Fname: 527,Lname: 1047,City: 579,ID: 424
Fname: 1047,Lname: 971,City: 989,ID: 670
Fname: 1072,Lname: 1423,City: 754,ID: 1147
Fname: 1177,Lname: 1388,City: 79,ID: 272
Fname: 457,Lname: 857,City: 891,ID: 412
Fname: 238,Lname: 239,City: 1171,ID: 393
Fname: 1412,Lname: 905,City: 1213,ID: 1478
Fname: 1125,Lname: 1201,City: 288,ID: 54
Fname: 818,Lname: 1402,City: 968,ID: 628
Fname: 928,Lname: 487,City: 1343,ID: 383
Fname: 240,Lname: 918,City: 1243,ID: 1467
Fname: 933,Lname: 744,City: 622,ID: 180
Fname: 1254,Lname: 172,City: 440,ID: 1209
Fname: 129,Lname: 1060,City: 201,ID: 390
Fname: 683,Lname: 991,City: 1446,ID: 1284
Fname: 969,Lname: 796,City: 1435,ID: 1348
Fname: 96,Lname: 524,City: 1241,ID: 1309
Fname: 1301,Lname: 166,City: 249,ID: 187
Fname: 480,Lname: 1468,City: 1089,ID: 47
Fname: 230,Lname: 592,City: 1070,ID: 513
Fname: 49,Lname: 167,City: 887,ID: 43
Fname: 1383,Lname: 1379,City: 791,ID: 1437
Fname: 1184,Lname: 1473,City: 965,ID: 89
Fname: 1255,Lname: 485,City: 1233,ID: 665
Fname: 30,Lname: 1289,City: 943,ID: 1284
Fname: 341,Lname: 785,City: 897,ID: 1059
Fname: 1240,Lname: 920,City: 1302,ID: 1249
Fname: 925,Lname: 337,City: 722,ID: 661
Fname: 1038,Lname: 404,City: 1080,ID: 523
Fname: 379,Lname: 681,City: 888,ID: 1405
Fname: 642,Lname: 815,City: 688,ID: 571
Fname: 213,Lname: 1185,City: 852,ID: 105
Fname: 762,Lname: 1309,City: 264,ID: 576
Fname: 835,Lname: 1050,City: 903,ID: 1465
Fname: 744,Lname: 1093,City: 1054,ID: 651
Fname: 1487,Lname: 659,City: 1397,ID: 1409
Fname: 1168,Lname: 157,City: 1093,ID: 674
Fname: 1207,Lname: 281,City: 474,ID: 321
Fname: 259,Lname: 928,City: 452,ID: 1136
Fname: 423,Lname: 1329,City: 1119,ID: 264
Fname: 808,Lname: 30,City: 348,ID: 638
Fname: 238,Lname: 311,City: 303,ID: 164
Fname: 134,Lname: 1115,City: 349,ID: 924
Fname: 107,Lname: 936,City: 78,ID: 370
Fname: 713,Lname: 1085,City: 1481,ID: 1265
Fname: 755,Lname: 838,City: 1426,ID: 654
Fname: 528,Lname: 1463,City: 332,ID: 868
Fname: 1499,Lname: 1272,City: 892,ID: 1473
Fname: 76,Lname: 862,City: 374,ID: 803
Fname: 691,Lname: 727,City: 207,ID: 1043
